"customer_id","email","first_name","last_name","street_name","post_code","city","password_c","phone_number","referral_by"
73838,"nicole.brown5575@gmail.com","Nicole","Brown","395 Hurley Freeway","PA19","Gourock","t9fAVSZr!4","7841810240",80960
88846,"mary.lewis3588@gmail.com","Mary","Lewis","65811 Berry Coves","DD10","Montrose","$3rD0%cVwD","7946538171",64370
86773,"timothy.caldwell3914@gmail.com","Timothy","Caldwell","26103 Larson Brooks Suite 015","KY7","Glenrothes","E&i5BCqiwp","7165928476",87171
70790,"ian.leon9076@gmail.com","Ian","Leon","86933 Knox Bridge Apt. 708","EH1","Edinburgh","nIC&4(JwBR","7996707433",89280
61179,"norma.rodriguez0422@gmail.com","Norma","Rodriguez","323 John Inlet","PA1","Paisley","oN8W5XesU^","7521361379",58388
72530,"matthew.cross2952@gmail.com","Matthew","Cross","827 Galvan Manors Apt. 039","KY7","Glenrothes","y_77#ZqfJx","790130629",58756
97785,"robert.higgins2847@gmail.com","Robert","Higgins","14421 Jeffrey Branch Apt. 772","IV1","Inverness","@Dy90CafQ)","7845834671",83278
64738,"betty.taylor3571@gmail.com","Betty","Taylor","482 Randall Station","ML12","Biggar","R9xLvcd$&(","7533681930",90861
60209,"abigail.ellis2594@gmail.com","Abigail","Ellis","87821 Elaine Tunnel","PA1","Paisley","$2NQJdlh^a","7189539599",83470
84290,"michelle.pacheco3249@gmail.com","Michelle","Pacheco","0710 Johnson Court Apt. 032","AB22","Aberdeen","*X5Ktew&GH","7953023195",70423
64974,"randy.walker9230@gmail.com","Randy","Walker","79366 Gray Circle Suite 856","DD1","Dundee","^1aci_Ed42","7446055253",72255
90861,"christy.flores8784@gmail.com","Christy","Flores","082 Hernandez Estates","IV1","Inverness","56ZAy$Yd^g","7488067075",79997
81558,"stacy.moreno9350@gmail.com","Stacy","Moreno","59497 Cortez Prairie","DG1","Dumfries","p8EphBun#@","7362802446",64488
92284,"phillip.shepherd6664@gmail.com","Phillip","Shepherd","62682 Christopher Well Suite 719","DG1","Dumfries","(1#NRagq(t","729780759",59123
56622,"heidi.murphy8730@gmail.com","Heidi","Murphy","97050 Kathleen Islands Apt. 684","AB22","Aberdeen","^8B&1_wo8x","7802556285",71107
72255,"sara.shaw7292@gmail.com","Sara","Shaw","25140 Elizabeth Hills Suite 460","PA19","Gourock","lrY+^j5G_9","7567786770",77744
58388,"jeffrey.bernard1684@gmail.com","Jeffrey","Bernard","16007 Hill Fall","DD10","Montrose","##8Ilc#gtG","7974845418",78117
83219,"dan.giles5735@gmail.com","Dan","Giles","3951 Duncan Court Apt. 353","DG6","Castle Douglas","nHt*x@Ev@1","7191698517",70602
64857,"shannon.hill1284@gmail.com","Shannon","Hill","8226 Jonathon Stream Apt. 439","KA22","Ardrossan","s&6mR^Npuj","7487582727",64488
80124,"christy.walker7116@gmail.com","Christy","Walker","418 Klein Stravenue Suite 345","PA1","Paisley","vEYzbptC#1","7282343996",51051
71107,"yolanda.cisneros0295@gmail.com","Yolanda","Cisneros","51494 Judy Streets","KA22","Ardrossan","P2fC(Hud@Y","7301814121",64488
71686,"francis.thompson7372@gmail.com","Francis","Thompson","636 Green Cape","EH8","Edinburgh","t(0JOoc3y&","7358082840",72034
73403,"jessica.sherman7560@gmail.com","Jessica","Sherman","5075 Pena Land Suite 416","G2","Glasgow","1p918Muw++","7980166026",83278
59123,"daniel.alvarado9157@gmail.com","Daniel","Alvarado","4092 John Courts","PA19","Gourock","m**1UqtrZ_","7310468057",86260
77235,"benjamin.howard1926@gmail.com","Benjamin","Howard","61767 Heather Trafficway","KA22","Ardrossan","Pb2T4UBv!W","7562621051",76749
83470,"michael.robertson6326@gmail.com","Michael","Robertson","21855 Leslie Springs Apt. 490","DG1","Dumfries","J21N$pbb%D","7778360328",75808
85916,"terri.jordan4832@gmail.com","Terri","Jordan","207 Stephen Motorway Apt. 044","PA1","Paisley","D3P&1p4T)4","7667711249",91510
75808,"eric.rubio2623@gmail.com","Eric","Rubio","722 Reyes Plains Apt. 535","KA22","Ardrossan","(Yxb4WsPb!","7781460773",75889
86260,"sue.bell4511@gmail.com","Sue","Bell","9637 James Cove","DD10","Montrose","O0Zocr!i)3","7240346995",87490
58138,"catherine.morales7783@gmail.com","Catherine","Morales","67452 White Club Apt. 923","IV2","Inverness","5!BOwhPt#0","766851840",84021
64488,"candice.holmes8759@gmail.com","Candice","Holmes","4954 Henderson Ports","DG1","Dumfries","a5L_jwlm^r","7529781503",50809
87490,"andrea.lopez1647@gmail.com","Andrea","Lopez","430 Courtney Meadows Apt. 213","G1","Glasgow","k7Epo*Cc%K","7386630815",58368
72034,"sierra.merritt2916@gmail.com","Sierra","Merritt","06902 Jackie Springs Suite 394","ML12","Biggar","@v3Ziq^xo3","7664620897",99209
75889,"roberto.hodges3896@gmail.com","Roberto","Hodges","55205 Santiago River","DD1","Dundee","J#7TwS@2)O","7333999835",95869
78117,"amanda.cameron9113@gmail.com","Amanda","Cameron","494 Smith Burgs Apt. 414","EH1","Edinburgh",")iaiJrp+4$","7882011588",55500
96525,"peter.trujillo3968@gmail.com","Peter","Trujillo","4450 Valerie Throughway Apt. 115","DD10","Montrose","#y3TT5^di$","7278444314",97068
95438,"joshua.gamble8430@gmail.com","Joshua","Gamble","46469 Stephanie Mountains","AB22","Aberdeen","s*30nJP98l","7622385853",58756
71858,"jessica.brewer6949@gmail.com","Jessica","Brewer","964 Stewart Bridge Apt. 889","PA19","Gourock",")uZ1t4QP@&","7821213382",72074
77744,"william.mueller9822@gmail.com","William","Mueller","2732 Wiley Rapids","IV2","Inverness","@S*vH2Qc$W","7959274734",81868
83278,"jeffrey.wright2960@gmail.com","Jeffrey","Wright","64095 Kathryn Drives","KA22","Ardrossan","@DRh9y107d","7383574079",55041
99209,"anthony.carroll1148@gmail.com","Anthony","Carroll","05642 Lee Shoal Suite 672","ML1","Motherwell","LHe!8G0kj&","7977158928",97068
62238,"emily.fowler2431@gmail.com","Emily","Fowler","3112 Thompson Estates","PA1","Paisley","w)+4B^af)M","7367124634",94966
60138,"robin.finley6081@gmail.com","Robin","Finley","72792 Petersen Stravenue","EH8","Edinburgh","#jTpyFvw0Q","7688344217",53737
65181,"russell.myers5203@gmail.com","Russell","Myers","385 Rosales Avenue","G2","Glasgow","%E4HC5yo%&","7195593585",96808
50809,"roy.pratt3245@gmail.com","Roy","Pratt","4325 Carrillo Place","IV2","Inverness",")0TRIsU&h9","7388289006",97199
92392,"mark.hampton4867@gmail.com","Mark","Hampton","9365 White Viaduct Suite 641","G2","Glasgow","_%(8A8o1_f","7357406514",61476
91510,"emily.martinez1354@gmail.com","Emily","Martinez","319 Kelly Loop","DD1","Dundee","@S2CxQNrf+","7561284969",58756
61476,"anthony.benitez5557@gmail.com","Anthony","Benitez","266 Martinez Spur Apt. 472","EH1","Edinburgh","tXC5RcOD*d","7275896858",70602
57283,"cathy.lynch3829@gmail.com","Cathy","Lynch","9954 Derek Forest","PA19","Gourock","N4UcPkW5)l","750671626",92345
72575,"anthony.smith5641@gmail.com","Anthony","Smith","33988 David Locks Suite 895","ML12","Biggar","2$kd5VAZ!k","7662143275",96190
81868,"david.smith2178@gmail.com","David","Smith","91896 Welch Lights","AB22","Aberdeen","*7XwU@aHSW","7601099677",83217
52899,"nancy.miller7927@gmail.com","Nancy","Miller","4949 Bowman Mountains","DD1","Dundee","N0hMGOc1^+","7952784572",98787
96190,"laura.jackson7850@gmail.com","Laura","Jackson","594 Graham Mall","KA1","Kilmarnock","H7V4aKIx_Y","781258563",62565
97068,"crystal.white1793@gmail.com","Crystal","White","6289 Tiffany Port","ML1","Motherwell","on1nFf1Dw$","7243002998",84021
70423,"kevin.hoffman6717@gmail.com","Kevin","Hoffman","0457 Lisa Mountains","IV2","Inverness","@gJ7rXgia$","7563027808",62448
95560,"beth.hendricks1654@gmail.com","Beth","Hendricks","98775 Kevin Mews","DD1","Dundee","rG2H@MoP&2","7335093024",56980
83513,"kevin.davis3124@gmail.com","Kevin","Davis","97203 Jensen Corner Suite 634","EH1","Edinburgh","27BLtphq!l","7889155711",90982
81789,"jack.robles1310@gmail.com","Jack","Robles","443 Huynh Divide","DG1","Dumfries","9*ye5ZUfQw","755182675",59043
79831,"stacy.payne6335@gmail.com","Stacy","Payne","637 Michael Pass Suite 582","EH8","Edinburgh","cqGYF2$N*5","794917021",83217
51955,"lauren.foster3134@gmail.com","Lauren","Foster","0384 Jason Mountain Apt. 320","G1","Glasgow","@7i98Aj%^L","764670306",70602
80549,"diane.todd8233@gmail.com","Diane","Todd","78508 Diaz Crescent Suite 470","IV2","Inverness","^7&8FApjq4","7665694266",61640
96808,"rhonda.jackson1502@gmail.com","Rhonda","Jackson","9310 Morris Extension Suite 071","G2","Glasgow","nB$4M3t5Ew","7164459111",58756
90982,"amy.collins7199@gmail.com","Amy","Collins","286 Cline Creek Suite 783","PA1","Paisley","&B_0X@f(Q8","7623678865",89280
84021,"melissa.parker7431@gmail.com","Melissa","Parker","5672 David Center Suite 115","ML1","Motherwell","9GDrbBiW_4","7779039288",94966
61761,"benjamin.salazar8799@gmail.com","Benjamin","Salazar","152 Parker Field","IV2","Inverness","(+k2aYvny3","7746890070",55250
62448,"kristen.zimmerman3668@gmail.com","Kristen","Zimmerman","91493 Samantha Turnpike Apt. 036","DD10","Montrose","6%PyiQ%e$e","7353489832",79997
89280,"jeremy.shah4965@gmail.com","Jeremy","Shah","58449 Hernandez Mission Suite 629","PA19","Gourock",")MYE6KJt*l","7225116009",64370
62565,"kimberly.silva7721@gmail.com","Kimberly","Silva","849 Angela Grove","ML1","Motherwell","IHwG9a)d+4","775750215",58756
55041,"eric.harris9907@gmail.com","Eric","Harris","557 Kristen Vista Apt. 530","KA22","Ardrossan","05$MIl(6@*","75871172",61640
95869,"jennifer.tapia2372@gmail.com","Jennifer","Tapia","2296 Zachary Meadows Apt. 317","KA1","Kilmarnock","*1SQXTzwBA","7815228456",71977
64590,"kimberly.harvey1706@gmail.com","Kimberly","Harvey","2144 Rollins Centers Apt. 806","DD10","Montrose","6E5xsVdk(j","7450402134",59043
94966,"deborah.hughes1858@gmail.com","Deborah","Hughes","564 Cory Forges","G2","Glasgow","%IN$VeiMV0","799692323",55500
71977,"robert.green5570@gmail.com","Robert","Green","535 Johnson Vista","DD1","Dundee","j*34M#eEh*","7657298869",71826
96367,"edward.lucas0524@gmail.com","Edward","Lucas","524 Baird Burgs","KY1","Kirkcaldy","e+z9Zh9(j#","7910580430",64370
73573,"tamara.hernandez1960@gmail.com","Tamara","Hernandez","4917 Shane Park","G1","Glasgow","@X6*HCXz^)","7466240325",92048
56980,"amanda.long9503@gmail.com","Amanda","Long","993 Fleming Meadows","PA1","Paisley","_j5EwugS2)","7932224961",72074
74541,"joseph.martin3459@gmail.com","Joseph","Martin","43017 Kemp Rapids","KA1","Kilmarnock","Ls@igAm4$7","7265274925",58368
79149,"jacob.huber6522@gmail.com","Jacob","Huber","5556 Jennifer Inlet","DD1","Dundee","AS@!0Q$c$x","7363500293",55250
80960,"amy.edwards1745@gmail.com","Amy","Edwards","560 Gonzalez Land","EH8","Edinburgh",")8CkJHVtgj","7684743123",83217
58756,"kyle.cabrera7285@gmail.com","Kyle","Cabrera","09824 Juan Wells Suite 095","G2","Glasgow","c+B5(Su$4w","7705293547",92345
71826,"sarah.perez7614@gmail.com","Sarah","Perez","33916 Davis Drive Apt. 224","IV2","Inverness","5if)XZKw+J","7116609785",76749
98787,"richard.logan1000@gmail.com","Richard","Logan","3232 Jason Extensions Suite 172","EH1","Edinburgh","cWyOA_dm$4","760637684",92345
83217,"bill.romero1633@gmail.com","Bill","Romero","9676 Nancy Valley Suite 485","KY1","Kirkcaldy","zZ6P99Aer_","7725937242",64370
72074,"tracy.hernandez8548@gmail.com","Tracy","Hernandez","7602 Blackburn Lane","AB10","Aberdeen","N%I&u1Rfn!","7933328940",79997
76749,"michael.collins8624@gmail.com","Michael","Collins","7557 Herrera Forges Apt. 679","KY7","Glenrothes","H)331IkzX(","7797495637",53737
51051,"james.donovan9532@gmail.com","James","Donovan","322 Valentine Stream Suite 471","IV1","Inverness","J2aGNMrd+m","7213463164",70897
61640,"eric.juarez6145@gmail.com","Eric","Juarez","677 Carol Throughway","KY7","Glenrothes","!k*5rQ9uIB","7448158388",97199
70897,"nicholas.lee7958@gmail.com","Nicholas","Lee","909 Spencer Junctions Apt. 452","G2","Glasgow","#fTs%yGUP9","7776270541",58368
87171,"elizabeth.garner5113@gmail.com","Elizabeth","Garner","40662 Mitchell Ports Suite 717","DG6","Castle Douglas","*L3ePmdUGI","7672728901",92048
55250,"john.mcdaniel5679@gmail.com","John","Mcdaniel","79318 Long Avenue","DG1","Dumfries","Pe)3TRfG((","7957675217",59043
92345,"jessica.arellano5044@gmail.com","Jessica","Arellano","823 Nicole Grove","DG1","Dumfries","^t4)FLLa(P","799457180",59043
58368,"jeffrey.carson3619@gmail.com","Jeffrey","Carson","52816 Morris Burg","AB10","Aberdeen","+CY01jGr#D","7570734163",79997
79997,"charles.jones8096@gmail.com","Charles","Jones","97371 Smith Village","KA22","Ardrossan","ML2^nYb*L%","7663849052",70602
70602,"james.strickland9640@gmail.com","James","Strickland","556 Katherine Avenue Suite 143","EH1","Edinburgh","$1QWCOPxe(","7490405945",97199
97199,"shane.powell8436@gmail.com","Shane","Powell","27163 Mcfarland Parks Suite 612","DG6","Castle Douglas","f!9Bk4pA*+","7533640162",59043
53737,"ashlee.johnson3427@gmail.com","Ashlee","Johnson","35532 Deborah Mountains","DD1","Dundee","UbB4egDz@5","7885030068",92048
55500,"crystal.bowman5544@gmail.com","Crystal","Bowman","810 Blair Spur","AB10","Aberdeen","_@t6JBWzFM","7276799767",92048
59043,"michael.glover6290@gmail.com","Michael","Glover","66248 Mark Ports","ML12","Biggar","@m7lLLj0+0","7553241398",64370
92048,"mary.wright9467@gmail.com","Mary","Wright","37290 Stephanie Court Suite 533","DG6","Castle Douglas","A%15Quc*lP","7251347564",64370
64370,"paul.daniel2071@gmail.com","Paul","Daniel","197 Mitchell Spurs","AB10","Aberdeen","6c%JB@wr+J","7922289531",""
